<?xml version="1.0" encoding="UTF-8"?>
<nibrs:Submission xmlns:nibrs="http://fbi.gov/cjis/nibrs/2023.0"
	xmlns:cjis="http://fbi.gov/cjis/2.1" 
	xmlns:s="http://release.niem.gov/niem/structures/3.0/"
	xmlns:j="http://release.niem.gov/niem/domains/jxdm/5.2/" 
	xmlns:nc="http://release.niem.gov/niem/niem-core/3.0/"
	xmlns:xsi="http://www.w3.org/2001/XMLSchema-instance" 
	xmlns:xsd="http://www.w3.org/2001/XMLSchema" 
	xsi:schemaLocation="http://fbi.gov/cjis/nibrs/2023.0 ../base-xsd/nibrs/2023.0/nibrs.xsd">
    <cjis:MessageMetadata>
        <!-- Message Timestamp -->
        <cjis:MessageDateTime>2017-03-23T03:00:00</cjis:MessageDateTime>
        <!-- Message ID -->
        <cjis:MessageIdentification>
            <nc:IdentificationID>123456</nc:IdentificationID>
        </cjis:MessageIdentification>
        <!-- NIBRS IEPD Version -->
        <cjis:MessageImplementationVersion>2023.0</cjis:MessageImplementationVersion>
        <cjis:MessageSubmittingOrganization>
            <j:OrganizationAugmentation>
                <j:OrganizationORIIdentification>
                    <!-- Submitting Agency ORI -->
                    <nc:IdentificationID>FBI111111</nc:IdentificationID>
                </j:OrganizationORIIdentification>
            </j:OrganizationAugmentation>
        </cjis:MessageSubmittingOrganization>
    </cjis:MessageMetadata>
    <nibrs:Report>
        <nibrs:ReportHeader>
            <!-- Submission Type -->
            <nibrs:NIBRSReportCategoryCode>GROUP A INCIDENT REPORT</nibrs:NIBRSReportCategoryCode>
            <!-- Submission Action Type -->
            <nibrs:ReportActionCategoryCode>D</nibrs:ReportActionCategoryCode>
            <!-- Year/Month Of Report -->
            <nibrs:ReportDate>
                <nc:YearMonthDate>2016-02</nc:YearMonthDate>
            </nibrs:ReportDate>
            <nibrs:ReportingAgency>
                <j:OrganizationAugmentation>
                    <j:OrganizationORIIdentification>
                        <!-- Element 1, ORI Code -->
                        <nc:IdentificationID>TSADMIN01</nc:IdentificationID>
                    </j:OrganizationORIIdentification>
                </j:OrganizationAugmentation>
            </nibrs:ReportingAgency>
        </nibrs:ReportHeader>
        <nc:Incident>
            <nc:ActivityIdentification>
				<!-- Element 2, Incident Number -->
				<nc:IdentificationID>000054236732</nc:IdentificationID>
            </nc:ActivityIdentification>
            <!-- Element 3, Incident Date and Hour-->
			<nc:ActivityDate>
				<!-- Element 3, Incident Date and Hour-->
				<nc:DateTime>2016-02-19T10:00:00</nc:DateTime>
				<!-- Element 3, Incident Date if Hour is Unknown -->
				<!-- <nc:Date>2016-02-19</nc:Date> -->
			</nc:ActivityDate>
        </nc:Incident>
    </nibrs:Report>
</nibrs:Submission>